name,state,population,latitude,longitude
Faribault,Minnesota,25376,44.2904864696,-93.2680127378
Mankato,Minnesota,56325,44.1636208283,-93.9991567401
Albert Lea,Minnesota,20522,43.6477866812,-93.3687042661
Willmar,Minnesota,18473,45.1218827505,-95.0433048927
Brainerd,Minnesota,28187,46.3580088492,-94.2008498553
Crookston,Minnesota,8653,47.7737622264,-96.6077313657
Hardin,Montana,4448,45.7317680044,-107.612486004
Glendive,Montana,5856,47.10858319,-104.710492596
Dillon,Montana,4463,45.2156754751,-112.683985231
Polson,Montana,5326,47.6880051871,-114.156686037
Devils Lake,North Dakota,7813,48.1122170197,-98.8596869321
Burley,Idaho,14042,42.5358132111,-113.791876263
Wallace,Idaho,1028,47.4742197867,-115.926888063
Kennewick,Washington,102504,46.2113769725,-119.136097862
Centralia,Washington,18880,46.7164107453,-122.952970827
Glendale,Arizona,500000,33.5819411408,-112.195823814
Safford,Arizona,10668,32.8338214305,-109.706880129
Casa Grande,Arizona,44655,32.8793742056,-111.756625816
Mesa,Arizona,1085394,33.4239146108,-111.736084434
Lake Havasu City,Arizona,56133,34.4982934764,-114.308278851
Berkeley,California,496356,37.8739013866,-122.271151979
National City,California,150000,32.6719450063,-117.09800521
Mendocino,California,548,39.3077673534,-123.799430788
Paso Robles,California,27157,35.6265966991,-120.689982342
Riverside,California,297554,33.9419450063,-117.398038576
Delano,California,44757,35.7619372752,-119.243068076
San Mateo,California,626406,37.5569181509,-122.313061566
Vallejo,California,146289,38.1119488719,-122.258052004
Glenwood Springs,Colorado,14004,39.5465899852,-107.324699953
Aurora,Colorado,587540,39.6958573599,-104.80849695
Greeley,Colorado,125410,40.4191982209,-104.739974001
Tonopah,Nevada,3261,38.0669903758,-117.228979128
Deming,New Mexico,16298,32.2610915314,-107.755784751
Truth or Consequences,New Mexico,7121,33.1335964142,-107.25289555
Las Vegas,New Mexico,16998,35.5970119416,-105.222502687
Farmington,New Mexico,43278,36.7541506134,-108.186094403
Springfield,Oregon,56032,44.0519480581,-122.978033897
Tillamook,Oregon,8145,45.4552474152,-123.842503094
Ontario,Oregon,12187,44.0266266063,-116.961889488
La Grande,Oregon,15004,45.3246869091,-118.086601198
Richfield,Utah,7621,38.7724770295,-112.083298382
Nephi,Utah,5117,39.7102750845,-111.835484051
Lander,Wyoming,6821,42.8330043732,-108.732598513
Powell,Wyoming,6895,44.7586749462,-108.758436729
Paragould,Arkansas,23450,36.0570872183,-90.5028843605
Iowa City,Iowa,98516,41.6610862417,-91.5299792905
Ottumwa,Iowa,25982,41.0128829133,-92.4148090024
Spencer,Iowa,11203,43.1452850536,-95.1471745217
Ft. Dodge,Iowa,26879,42.5068227326,-94.180256797
Hutchinson,Kansas,44477,38.0654917593,-97.9234908465
Kansas City,Kansas,501577,39.1135805169,-94.6301463771
Lawrence,Kansas,92726,38.9597524201,-95.2552299416
Garden City,Kansas,28564,37.9752130321,-100.86408655
Manhattan,Kansas,56949,39.1940275259,-96.5924351418
Hays,Kansas,21394,38.8793697297,-99.3221910012
Goodland,Kansas,4378,39.348488382,-101.711037437
Independence,Missouri,148102,39.091113911,-94.4152812111
Kirksville,Missouri,19193,40.1936822704,-92.5828090838
Kearney,Nebraska,31553,40.7007055858,-99.0811462827
Grand Island,Nebraska,45651,40.9222682892,-98.3579862892
Alliance,Nebraska,8344,42.1013952831,-102.870191489
Bartlesville,Oklahoma,34610,36.7472001333,-95.9805861834
Enid,Oklahoma,46138,36.3955420116,-97.8780931008
Ardmore,Oklahoma,24960,34.1810776968,-97.1294049497
McAlester,Oklahoma,21668,34.9329956248,-95.7659739601
Stillwater,Oklahoma,47667,36.135351175,-97.0682975685
Lead,South Dakota,2874,44.3508445425,-103.765769899
Slidell,Louisiana,84239,30.2749595327,-89.7810937925
Lake Charles,Louisiana,83821,30.2263836863,-93.2171889666
Metairie,Louisiana,394206,29.9838661896,-90.1527765317
New Iberia,Louisiana,37540,30.0035807485,-91.8183079445
Bryan,Texas,146692,30.6741858104,-96.3696838804
San Marcos,Texas,70371,29.8830713084,-97.9411125099
Longview,Texas,75920,32.5005342804,-94.7402742938
McAllen,Texas,364004,26.2030375356,-98.2297253843
Harlingen,Texas,110339,26.1975598338,-97.690197593
Alice,Texas,22655,27.7504624624,-98.0704844582
New Braunfels,Texas,45840,29.6978112986,-98.1263208433
Cleburne,Texas,35545,32.3515252879,-97.3924896665
Brownwood,Texas,20988,31.7078953237,-98.982315106
Alpine,Texas,6587,30.3607165721,-103.665000856
Van Horn,Texas,2175,31.0424837433,-104.832242271
Big Spring,Texas,24122,32.2431856476,-101.4751862
Vernon,Texas,11660,34.1510536896,-99.2903841571
Childress,Texas,6557,34.4248871043,-100.213919517
Hereford,Texas,15675,34.8219171336,-102.398592368
Dalhart,Texas,7088,36.0608079214,-102.518610882
Texas City,Texas,69914,29.4108779083,-94.962767173
Pasadena,Texas,628492,29.6608626495,-95.1477429624
Baytown,Texas,86034,29.7558439321,-94.9677281105
Arlington,Texas,724777,32.6847607615,-97.0202384865
New London,Connecticut,96178,41.3555234976,-72.100028322
Stamford,Connecticut,746920,41.0533455598,-73.5391911231
Waterbury,Connecticut,174236,41.5500077505,-73.0500220151
New Bedford,Massachusetts,136082,41.6561253042,-70.9446983253
Springfield,Massachusetts,421780,42.1200246369,-72.5799990251
Salem,Massachusetts,335509,42.5224989035,-70.8830917458
Pittsfield,Massachusetts,46230,42.4481958202,-73.2598283302
Montpelier,Vermont,8538,44.2599715363,-72.5758132341
Auburn,Alabama,73929,32.6097007436,-85.4808394793
Florence,Alabama,45349,34.7996962677,-87.677242881
Winter Haven,Florida,108932,28.0219187612,-81.7330062273
Melbourne,Florida,265414,28.0833103628,-80.6083203549
Homestead,Florida,85967,25.4683020213,-80.477785687
Sanford,Florida,333460,28.7899597361,-81.2799847836
Miami Beach,Florida,407750,25.8099195339,-80.1317811052
Coral Springs,Florida,250000,26.2708370148,-80.2708215756
Port Charlotte,Florida,64279,27.0000431508,-82.105696657
Spring Hill,Florida,114697,28.4789451284,-82.5477110206
Palm Coast,Florida,48577,29.5380019318,-81.2232957374
Palatka,Florida,21452,29.6476851593,-81.6513057879
Leesburg,Florida,49574,28.810501118,-81.8833329689
Lake City,Florida,29395,30.1897192576,-82.6397467465
Crestview,Florida,22403,30.7542067658,-86.5726074643
Panama City,Florida,100072,30.1586100454,-85.6552732765
Dalton,Georgia,58557,34.769723937,-84.9703021665
Marietta,Georgia,61360,33.9556134227,-84.54324813
Waycross,Georgia,19824,31.2138169546,-82.3549062517
La Grange,Georgia,31776,33.0364705597,-85.0318746355
Southaven,Mississippi,121268,34.9689107453,-90.0034574806
Meridian,Mississippi,42290,32.3641860138,-88.703614341
Laurel,Mississippi,28841,31.6973791697,-89.1392725034
Spartanburg,South Carolina,124126,34.9494287303,-81.9322705502
Orangeburg,South Carolina,35472,33.4968042186,-80.862232505
Galesburg,Illinois,32094,40.9477706086,-90.3710836199
Joliet,Illinois,578460,41.529983133,-88.1066740333
Cape Girardeau,Illinois,40427,37.3058223664,-89.5180865903
Rockford,Illinois,255978,42.269705423,-89.0696901873
Evanston,Illinois,350000,42.0483494253,-87.699954673
Rock Island,Illinois,165728,41.4933962189,-90.5346136899
Elgin,Illinois,389514,42.039461079,-88.2899186622
Richmond,Indiana,44400,39.8288983348,-84.8902812111
Terre Haute,Indiana,73236,39.4666465444,-87.4138739438
Lafayette,Indiana,133977,40.4172086782,-86.8782477231
Marion,Indiana,38297,40.5583370148,-85.6591748471
South Bend,Indiana,239822,41.6833071076,-86.2500173357
New Albany,Indiana,120625,38.310877298,-85.8212838152
Elkhart,Indiana,149190,41.6829453726,-85.9687941912
Hopkinsville,Kentucky,35604,36.8654874868,-87.4886239031
London,Kentucky,7844,37.1288822622,-84.0833537208
Madisonville,Kentucky,22294,37.3327457876,-87.5022148048
Rocky Mount,North Carolina,58361,35.93799888,-77.7907662371
Salisbury,North Carolina,41352,35.6707800487,-80.4744783953
Durham,North Carolina,309495,35.9999589224,-78.9199996355
Lumberton,North Carolina,32785,34.6272003367,-79.0119061704
Zanesville,Ohio,40052,39.9402868846,-82.0133250343
Mansfield,Ohio,77768,40.7583248078,-82.5155424415
Bowling Green,Ohio,37080,41.3747471304,-83.6513904233
Springfield,Ohio,84576,39.9200038849,-83.7999860044
Lancaster,Ohio,48829,39.7192151073,-82.6053044044
Johnson City,Tennessee,77538,36.3133248078,-82.3536143409
Kingsport,Tennessee,57467,36.5483233836,-82.5619478777
Columbia,Tennessee,116091,35.61499534,-87.0352665626
Barlett,Tennessee,286423,35.22290041,-89.8410901304
Blacksburg,Virginia,67508,37.2294187612,-80.414197837
Harrisonburg,Virginia,42538,38.449421813,-78.8691758644
Petersburg,Virginia,118577,37.2277651154,-77.4022369809
Hampton,Virginia,366766,37.0300252472,-76.3499497901
Sheboygan,Wisconsin,53705,43.7508294872,-87.714424074
Waukesha,Wisconsin,249912,43.0116497997,-88.2313692645
La Crosse,Wisconsin,87381,43.801369038,-91.23942855
Eau Claire,Wisconsin,79740,44.8113590689,-91.498353314
Tomah,Wisconsin,12997,43.9850529165,-90.5038920509
Janesville,Wisconsin,69278,42.6826259553,-89.0215794289
Appleton,Wisconsin,203665,44.2686790152,-88.4005062274
Parkersburg,West Virginia,61935,39.2666587515,-81.5616471778
White Sulphur Springs,West Virginia,2407,37.7938804312,-80.3034810808
Clarksburg,West Virginia,28773,39.2832727245,-80.3369157325
Dover,Delaware,76039,39.1580865672,-75.5247030046
St. Charles,Maryland,69208,38.6030558462,-76.9389319272
Annapolis,Maryland,81300,38.9783300975,-76.4924992286
Hagerstown,Maryland,79662,39.6416487824,-77.7202795834
Paterson,New Jersey,151205,40.9199945262,-74.1700053321
Saratoga Springs,New York,55793,43.0829632762,-73.7850159115
Poughkeepsie,New York,170996,41.7002311392,-73.9214158546
Plattsburg,New York,29238,44.6949837434,-73.4579816098
Beaver Falls,Pennsylvania,120125,40.7519427684,-80.3194232602
Altoona,Pennsylvania,78607,40.5185978384,-78.3949670834
Williamsport,Pennsylvania,56877,41.2410860383,-77.0013828956
Lancaster,Pennsylvania,209489,40.0377744741,-76.3057664405
Allentown,Pennsylvania,496442,40.5999882193,-75.5000275082
Waterville,Maine,25152,44.5518917023,-69.6457853614
Calais,Maine,3306,45.1659885855,-67.2423920101
Houlton,Maine,6703,46.1255165803,-67.839719891
Benton Harbor,Michigan,58382,42.1166398306,-86.4541909197
Battle Creek,Michigan,70820,42.321097635,-85.1797467465
Bay City,Michigan,68549,43.5944566031,-83.8888953061
Alpena,Michigan,18330,45.0616021923,-83.4326957618
Iron Mountain,Michigan,16183,45.8224601431,-88.0640926531
Ironwood,Michigan,7064,46.4558064973,-90.1593911151
Sand Point,Alaska,667,55.3397086783,-160.497190798
Hydaburg,Alaska,382,55.2139799185,-132.80063847
Mekoryuk,Alaska,99,60.3886467098,-166.189937217
Atqasuk,Alaska,201,70.4693794954,-157.395778038
Port Heiden,Alaska,102,56.9490936474,-158.626891522
Perryville,Alaska,113,55.918613911,-159.151148928
Dillingham,Alaska,2488,59.0565603114,-158.480312073
Goodnews Bay,Alaska,230,59.1209926545,-161.587130239
Nyac,Alaska,100,61.0041432893,-159.940480593
Tununak,Alaska,352,60.5854866731,-165.255789227
Mountain Village,Alaska,755,62.0855243115,-163.729009035
Emmonak,Alaska,100,62.7769808137,-164.522991579
Kaltag,Alaska,190,64.3271962679,-158.721898643
Teller,Alaska,83,65.2635990592,-166.360786379
Koyukuk,Alaska,101,64.8802891227,-157.700849856
Kobuk,Alaska,151,66.9072455029,-156.880977419
Selawik,Alaska,832,66.6038790071,-160.009391115
Talkeetna,Alaska,1078,62.3237785025,-150.109426923
Whittier,Alaska,177,60.7841567171,-148.67767969
Montana,Alaska,10,62.0796848746,-150.072762494
Lake Minchumina,Alaska,32,63.8828306266,-152.312186525
Cantwell,Alaska,222,63.3915944612,-148.950789634
Gulkana,Alaska,119,62.271352762,-145.382196088
Eagle,Alaska,104,64.7879950146,-141.199996584
Nenana,Alaska,75,64.5637968131,-149.093003176
Big Delta,Alaska,591,64.1525299267,-145.84219385
Allakaket,Alaska,97,66.5654834179,-152.645499514
Tanana,Alaska,308,65.1718733919,-152.078789919
Virginia,Minnesota,8709,47.5236741324,-92.5364036476
Winona,Minnesota,32897,44.0504236034,-91.6391974302
Rochester,Minnesota,108511,44.0220532421,-92.4696893735
Lakeville,Minnesota,261308,44.6501027619,-93.2425104185
Ely,Minnesota,3731,47.900421162,-91.8256976743
Moorhead,Minnesota,35528,46.8743080842,-96.7421934426
St. Cloud,Minnesota,112794,45.5612099397,-94.1622217222
Miles City,Montana,8615,46.4088842968,-105.839984377
Bozeman,Montana,44921,45.6800915721,-111.037832481
Glasgow,Montana,3240,48.183969746,-106.635258832
Dickinson,North Dakota,16399,46.8839974152,-102.788801109
Jamestown,North Dakota,15081,46.9060115754,-98.7029781512
Williston,North Dakota,13564,48.1567879426,-103.628000531
Lihue,Hawaii,15536,21.981512267,-159.371006309
Wahiawa,Hawaii,174766,21.5030918569,-158.023620852
Wailuku,Hawaii,52148,20.8914754425,-156.504721316
Montpelier,Idaho,2997,42.3226220897,-111.296912274
Twin Falls,Idaho,47315,42.5609537954,-114.460569297
Caldwell,Idaho,132476,43.6609641714,-116.670537762
Salmon,Idaho,3601,45.1756779165,-113.894996584
Coeur d'Alene,Idaho,34514,47.6780833121,-116.779445843
Richland,Washington,44869,46.2918113394,-119.29110132
Bellingham,Washington,99662,48.7601361278,-122.486926922
Longview,Washington,66231,46.1387199087,-122.936951133
Walla Walla,Washington,45150,46.0651585074,-118.341882774
Aberdeen,Washington,32745,46.9748962596,-123.814391115
Bremerton,Washington,126820,47.5735955236,-122.642017533
Everett,Washington,486903,47.9604174999,-122.199967694
Bullhead City,Arizona,37989,35.1481762889,-114.567487836
Winslow,Arizona,9931,35.284705423,-110.700695436
Gila Bend,Arizona,2088,32.9503776235,-112.724654584
Tombstone,Arizona,1570,31.7131404816,-110.066883994
Willcox,Arizona,5146,32.2532108755,-109.831394492
Scottsdale,Arizona,15401,33.6923478384,-111.868040204
Kingman,Arizona,42182,35.1898791698,-114.052222129
Grand Canyon,Arizona,1550,36.054787617,-112.138592165
Arcata,California,20905,40.8851904491,-124.08822453
Stockton,California,685306,37.9581339712,-121.289739016
Barstow,California,21119,34.8990183706,-117.021885825
Victorville,California,83496,34.5365081981,-117.290319053
Pasadena,California,144618,34.1603812856,-118.138871909
Visalia,California,121968,36.3250295197,-119.316009361
El Centro,California,45000,32.7923769318,-115.558047528
San Luis Obispo,California,65386,35.2831809683,-120.65858891
Merced,California,96091,37.3026184276,-120.481933026
Yuba City,California,116217,39.1410333446,-121.615765627
Redding,California,96058,40.587043273,-122.390576214
Santa Rosa,California,231792,38.4504036652,-122.699988853
Oceanside,California,609854,33.2204644969,-117.33496749
Modesto,California,323386,37.6554134308,-120.98998987
Irvine,California,3010232,33.6804105825,-117.829950197
Ukiah,California,27828,39.154236673,-123.210862062
Needles,California,6974,34.8484271434,-114.613350669
Bishop,California,4827,37.3639583527,-118.39407597
Palm Springs,California,390115,33.7773555695,-116.533052614
Santa Maria,California,110705,34.9401269725,-120.436638633
Tulare,California,55908,36.2070263866,-119.34412134
Mt. Shasta,California,3855,41.3103582958,-122.309392539
Crescent City,California,11534,41.7564550975,-124.200491579
Fort Collins,Colorado,228385,40.5606882925,-105.058869265
Pueblo,Colorado,112195,38.280388203,-104.630006553
Lamar,Colorado,8620,38.086498229,-102.619405764
Trinidad,Colorado,9156,37.1713344513,-104.506396527
Gunnison,Colorado,7324,38.5447648306,-106.928290041
Durango,Colorado,23233,37.2756433299,-107.879989056
Montrose,Colorado,21789,38.47727541,-107.865519655
Craig,Colorado,9391,40.5172800894,-107.550396771
Boulder,Colorado,122274,40.0384462678,-105.246092979
Boulder City,Nevada,15479,35.9789524526,-114.831580243
Winnemucca,Nevada,9666,40.9733762808,-117.734684694
Roswell,New Mexico,46096,33.3945365591,-104.522467897
Clovis,New Mexico,33792,34.4050691925,-103.20477055
Las Cruces,New Mexico,115167,32.3126129344,-106.77780827
Hobbs,New Mexico,28738,32.7126143585,-103.14061426
Socorro,New Mexico,8668,34.0621185496,-106.898989504
Gallup,New Mexico,23800,35.5240706574,-108.733993776
Raton,New Mexico,7073,36.8973976838,-104.439888959
Tucumcari,New Mexico,5313,35.1698028758,-103.725513959
Roseburg,Oregon,30479,43.2184330435,-123.356098675
Pendleton,Oregon,16799,45.6725984895,-118.787488649
John Day,Oregon,1573,44.416525288,-118.95202641
Grants Pass,Oregon,46189,42.4395400178,-123.327185712
Corvallis,Oregon,59030,44.5723555695,-123.279979291
Albany,Oregon,51376,44.6204921662,-123.086941978
Astoria,Oregon,10011,46.1883809602,-123.829997398
Logan,Utah,72490,41.7359395539,-111.833597862
Parowan,Utah,2571,37.8425337922,-112.827206463
Kanab,Utah,3442,37.0473885285,-112.525493614
Monticello,Utah,1864,37.8717826528,-109.342199546
Moab,Utah,5730,38.5737036327,-109.549189496
Price,Utah,10281,39.5997908722,-110.810016929
Cedar City,Utah,27738,37.677427591,-113.061093996
Vernal,Utah,14353,40.4553975617,-109.528002158
Ogden,Utah,377224,41.2323785594,-111.9680341
Green River,Wyoming,11358,41.514557718,-109.464982749
Rawlins,Wyoming,8533,41.7906648957,-107.234292035
Douglas,Wyoming,6298,42.756471577,-105.384534141
Riverton,Wyoming,11508,43.0281604198,-108.395048057
Thermopolis,Wyoming,3445,43.6459780061,-108.21467147
Gillette,Wyoming,29113,44.2831742544,-105.505250287
Jonesboro,Arkansas,58619,35.8425783478,-90.7041640643
Texarkana,Arkansas,74414,33.442104715,-94.0374748146
Pine Bluff,Arkansas,53217,34.2286975291,-92.0030511899
Hot Springs,Arkansas,44182,34.5039520457,-93.0550024839
Fort Smith,Arkansas,93988,35.3862237742,-94.3983571795
Fayetteville,Arkansas,151671,36.0629783315,-94.1572091082
Conway,Arkansas,61995,35.0912805369,-92.4513184018
El Dorado,Arkansas,22416,33.2139274282,-92.6625199806
Davenport,Iowa,255738,41.5539868358,-90.5875303566
Burlington,Iowa,29773,40.8079341828,-91.1127696144
Dubuque,Iowa,62483,42.5009316193,-90.6644507261
Waterloo,Iowa,98347,42.4931543163,-92.342797894
Sioux City,Iowa,90932,42.5003890168,-96.3999921079
Council Bluffs,Iowa,101805,41.2622733755,-95.8608002134
Ames,Iowa,57104,42.0538529654,-93.619722536
Mason City,Iowa,27802,43.1540183706,-93.2008333758
Emporia,Kansas,29048,38.404230773,-96.1813749611
Salina,Kansas,48031,38.8246702261,-97.6071794045
Dodge City,Kansas,25932,37.7600582062,-100.018195029
Coffeyville,Kansas,11760,37.0380609325,-95.6263184019
St. Charles,Missouri,360485,38.7842850942,-90.506165814
Poplar Bluff,Missouri,20662,36.760196756,-90.4026837583
Joplin,Missouri,73763,37.0845955597,-94.5130788592
Columbia,Missouri,398093,38.9520784699,-92.3339095477
St. Joseph,Missouri,78012,39.769031188,-94.8463918475
McCook,Nebraska,8012,40.205593688,-100.626168255
Norfolk,Nebraska,25030,42.028712381,-97.4335982684
North Platte,Nebraska,25247,41.1362862336,-100.770500531
Sidney,Nebraska,6492,41.139800231,-102.978272748
Scottsbluff,Nebraska,25475,41.8675077505,-103.660685874
Chadron,Nebraska,5798,42.8279142447,-103.003077435
Lawton,Oklahoma,91752,34.5990366811,-98.4099727801
Norman,Oklahoma,113525,35.2279130239,-97.3441463641
Muskogee,Oklahoma,39295,35.7482171825,-95.3694348569
Ponca City,Oklahoma,25273,36.707357604,-97.0852732765
Shawnee,Oklahoma,29628,35.3427897329,-96.9337838153
Woodward,Oklahoma,12931,36.4334208364,-99.3976902687
Guymon,Oklahoma,11178,36.6858085317,-101.479501182
Yankton,South Dakota,15580,42.8820194693,-97.3924896665
Brookings,South Dakota,22411,44.3067645458,-96.788030438
Mitchell,South Dakota,15205,43.7142942495,-98.0261977557
Aberdeen,South Dakota,26041,45.4651176138,-98.4864022235
Mobridge,South Dakota,3156,45.5401259553,-100.434707074
Houma,Louisiana,64592,29.5959312124,-90.7194861265
Monroe,Louisiana,101724,32.5096034943,-92.1191939715
Conroe,Texas,41643,30.3120632111,-95.4558636899
Nacogdoches,Texas,30691,31.6037414744,-94.6552665627
Eagle Pass,Texas,53276,28.7110239858,-100.489277386
Edinburg,Texas,150000,26.3031864614,-98.1599622007
Kingsville,Texas,25264,27.5159548126,-97.8558463967
Port Arthur,Texas,56945,29.8989876496,-93.9285925718
Huntsville,Texas,35590,30.7237693471,-95.5505865903
Killeen,Texas,137919,31.117285379,-97.7274821388
Lufkin,Texas,43264,31.338434671,-94.7288796405
Del Rio,Texas,36068,29.3629480174,-100.89638432
San Angelo,Texas,88256,31.4640084015,-100.436696616
Sherman,Texas,40284,33.635994689,-96.6085840269
Beaumont,Texas,111485,30.0862630402,-94.1016827817
Bay City,Texas,18663,28.9811108592,-95.9643597837
Port Lavaca,Texas,11743,28.616016865,-96.6296938495
Falfurrias,Texas,5349,27.2269026886,-98.1448985207
Beeville,Texas,13004,28.405978006,-97.7508398862
Fort Stockton,Texas,7721,30.8916919139,-102.884996787
Pecos,Texas,8372,31.4157942902,-103.499894655
Dumas,Texas,13629,35.8623962596,-101.966887453
Denton,Texas,176930,33.2157619416,-97.128836509
Midland,Texas,98501,32.0307179962,-102.097499636
Temple,Texas,61161,31.102092508,-97.3630082619
New Haven,Connecticut,846766,41.3303829133,-72.9000053321
Lowell,Massachusetts,723629,42.6336883739,-71.3166911231
Worcester,Massachusetts,287365,42.2704288931,-71.8000207943
Manchester,New Hampshire,196566,42.9959918407,-71.4552873145
Newport,Rhode Island,45968,41.4903989859,-71.3133579932
Dothan,Alabama,61741,31.2234546092,-85.3905865903
Tuscaloosa,Alabama,121373,33.2251153758,-87.5441760678
Gadsden,Alabama,41709,34.0145503937,-86.0066471779
Enterprise,Alabama,24205,31.3278151642,-85.8439956072
Selma,Alabama,20126,32.4075683787,-87.0211588966
Coral Gables,Florida,150000,25.7154187205,-80.2910787371
Cape Coral,Florida,132489,26.6029097687,-81.9796836769
Naples,Florida,262306,26.1420593455,-81.7949921079
Fort Pierce,Florida,228245,27.446785908,-80.3258052996
Kissimmee,Florida,225494,28.292057311,-81.4077806007
Titusville,Florida,52311,28.6123478383,-80.8077913836
St. Augustine,Florida,76331,29.8948793732,-81.3147113461
Ocala,Florida,141382,29.1873515005,-82.1402681902
Fort Lauderdale,Florida,2042042,26.1360648794,-80.1417855242
Apalachicola,Florida,2284,29.7256132192,-84.9925230324
Vero Beach,Florida,86039,27.6422520131,-80.39112431
Valdosta,Georgia,61179,30.8328582957,-83.2785966407
Albany,Georgia,88766,31.5787300812,-84.1558299171
Athens,Georgia,110301,33.9612978302,-83.3780220965
Macon,Georgia,115592,32.850383727,-83.6300480568
Columbus,Georgia,217980,32.4704327586,-84.9800173357
Douglas,Georgia,13441,31.5077783397,-82.8506899432
Dublin,Georgia,22623,32.5374570913,-82.9182827166
Gulfport,Mississippi,82165,30.3675636994,-89.0927637143
Hattiesburg,Mississippi,58874,31.3272725617,-89.2902452003
Tupelo,Mississippi,35956,34.2579205516,-88.7033301206
Greenville,Mississippi,38107,33.4103753856,-91.0616874611
Natchez,Mississippi,23863,31.554803893,-91.3875073667
Florence,South Carolina,57438,34.1956762889,-79.7627905698
Greenville,South Carolina,350954,34.852922993,-82.3941545021
Sumter,South Carolina,50868,33.9206543162,-80.3417216407
Anderson,South Carolina,61558,34.50374534,-82.6502629005
Aiken,South Carolina,46196,33.5494625031,-81.7206038836
Beaufort,South Carolina,31626,32.4321663605,-80.6895040301
Rock Hill,South Carolina,94564,34.9403853546,-81.0300000424
Decatur,Illinois,77868,39.8407063996,-88.9547359637
Alton,Illinois,84276,38.8909969269,-90.1842216408
Quincy,Illinois,47108,39.9359719025,-91.4097282326
Urbana,Illinois,144074,40.1099922883,-88.2041874611
Bloomington,Illinois,128979,40.4845947459,-88.9935966408
Kankakee,Illinois,69608,41.1203698924,-87.8611076271
Waukegan,Illinois,200000,42.3640407502,-87.8447261981
Aurora,Illinois,350000,41.7653951203,-88.2999955665
Carbondale,Illinois,32444,37.7268302603,-89.2202494728
Belleville,Illinois,143900,38.5251536245,-90.0002277036
Bloomington,Indiana,100310,39.1656571646,-86.5264087339
Muncie,Indiana,85449,40.193759785,-85.3863749611
Kokomo,Indiana,61121,40.4867651561,-86.1336420102
Gary,Indiana,591180,41.5803934927,-87.3300030942
Fort Wayne,Indiana,299871,41.0803981721,-85.1299823422
Covington,Kentucky,585489,39.0840084015,-84.5085990822
Bowling Green,Kentucky,71140,36.9906994823,-86.4436489275
Paducah,Kentucky,41317,37.0837170604,-88.6000030942
Owensboro,Kentucky,67825,37.7745792837,-87.1133238136
Jacksonville,North Carolina,77288,34.7543243602,-77.4305556658
Goldsboro,North Carolina,47602,35.3851385692,-77.9930536313
Greenville,North Carolina,92565,35.6128766063,-77.3666835955
Fayetteville,North Carolina,243306,35.0629360138,-78.883593589
Hickory,North Carolina,89462,35.7334893992,-81.3414022234
Asheville,North Carolina,142755,35.6011977326,-82.5541447364
Winston-Salem,North Carolina,281683,36.1054305207,-80.2599953631
Kitty Hawk,North Carolina,3413,36.0773185415,-75.7047178565
Akron,Ohio,703200,41.0703987824,-81.5199959734
Lima,Ohio,68364,40.7428735545,-84.1052645281
Oak Ridge,Tennessee,33556,36.0106559438,-84.2697247739
Murfreesboro,Tennessee,115774,35.8459631541,-86.390267173
Clarksville,Tennessee,132536,36.530081603,-87.3594328224
Jackson,Tennessee,63196,35.6148661489,-88.8138918475
Alexandria,Virginia,127273,38.8204327586,-77.0999815284
Fredericksburg,Virginia,133134,38.3035134064,-77.4607863787
Roanoke,Virginia,198171,37.2711991567,-79.9416168637
Danville,Virginia,45894,36.5862538849,-79.3953194597
Winchester,Virginia,53941,39.1787313019,-78.1666347674
Bristol,Virginia,37443,36.6115236603,-82.1760024431
Superior,Wisconsin,27580,46.7212424917,-92.1038977476
West Bend,Wisconsin,34530,43.4257072134,-88.1833360206
Fond du Lac,Wisconsin,54299,43.7734379263,-88.4469116636
Oshkosh,Wisconsin,72698,44.0251021516,-88.5425130633
Rhinelander,Wisconsin,11483,45.639913146,-89.4120723895
Racine,Wisconsin,131654,42.7277136424,-87.8118341489
Marinette,Wisconsin,27169,45.1003853547,-87.6304757098
Wheeling,West Virginia,52492,40.0643103221,-80.7210783302
Morgantown,West Virginia,58808,39.6298148794,-79.9560604265
Huntington,West Virginia,85396,38.4195786733,-82.4452883318
Beckley,West Virginia,37836,37.7801861766,-81.1830139584
Wilmington,Delaware,161560,39.7462677196,-75.5468980323
Cumberland,Maryland,21316,39.6531726268,-78.7627740903
Atlantic City,New Jersey,76573,39.3646372671,-74.4233232032
Newark,New Jersey,280123,40.7004213654,-74.1700053321
Schenectady,New York,149255,42.8145817251,-73.9399676938
Binghamton,New York,139895,42.0990181672,-75.9183223894
Utica,New York,105150,43.1011792186,-75.233067059
Watertown,New York,33821,43.9751568797,-75.9110618507
Niagara Falls,New York,153134,43.0948230174,-79.0369434018
Jamestown,New York,45756,42.0973645213,-79.2355359311
Elmira,New York,62376,42.0901298208,-76.8080355242
York,Pennsylvania,218010,39.962921162,-76.728040407
Johnstown,Pennsylvania,69286,40.3270849803,-78.9222217221
Scranton,Pennsylvania,156196,41.4092928254,-75.6626790789
State College,Pennsylvania,87926,40.7937231639,-77.8602452003
Erie,Pennsylvania,178182,42.1299206737,-80.0849931251
Wilkes Barre,Pennsylvania,158913,41.2490442088,-75.8779372576
Bar Harbor,Maine,6090,44.3878965445,-68.2043746355
Lewiston,Maine,57688,44.100704772,-70.2152596453
Presque Isle,Maine,9466,46.7934086294,-68.0021647559
Ann Arbor,Michigan,265976,42.3003753856,-83.7199908872
Kalamazoo,Michigan,183381,42.2921588329,-85.587189577
Muskegon,Michigan,101177,43.2345819286,-86.2483636899
Flint,Michigan,295212,43.0128641958,-83.6875380877
Grand Rapids,Michigan,535829,42.9637199087,-85.6699493833
Pontiac,Michigan,67994,42.6518526398,-83.290223838
Cadillac,Michigan,14097,44.2512123811,-85.4136084409
Traverse City,Michigan,43189,44.7684417919,-85.6221745216
Petoskey,Michigan,12667,45.3737536815,-84.95518681
Escanaba,Michigan,17318,45.7456948029,-87.064360394
Marquette,Michigan,26591,46.5467311799,-87.4065875669
Hancock,Michigan,16355,47.1272900585,-88.5808052996
Wrangell,Alaska,2070,56.4712675162,-132.371594891
Shishmaref,Alaska,254,66.2569751171,-166.071889284
Hoonah,Alaska,361,58.115404886,-135.438616986
Atka,Alaska,61,52.1964896841,-174.200488731
Nikolski,Alaska,18,52.9384340608,-168.867687624
Karluk,Alaska,96,57.5722855826,-154.455027305
False Pass,Alaska,35,54.8512113638,-163.415023033
Kivalina,Alaska,374,67.7314922402,-164.485903428
Newhalen,Alaska,160,59.7203456819,-154.897196698
Pilot Point,Alaska,68,57.564559956,-157.56912663
Chignik,Alaska,118,56.2956709993,-158.402228233
King Salmon,Alaska,292,58.6887032258,-156.66137842
Quinhagak,Alaska,250,59.7492328075,-161.915786379
Aniak,Alaska,501,61.5787077018,-159.522185712
Kotlit,Alaska,1002,63.0345878287,-163.553283327
Unalakleet,Alaska,741,63.8734255159,-160.788051597
Koyuk,Alaska,254,64.9402687372,-161.157471735
McGrath,Alaska,138,62.9568147981,-155.595784548
Hughes,Alaska,78,66.0491841829,-154.254987836
Ambler,Alaska,258,67.0864852083,-157.851409141
Wales,Alaska,99,65.6095986116,-168.087502688
Kotzebue,Alaska,3194,66.8986930533,-162.596597536
Wasilla,Alaska,8521,61.581730773,-149.439441978
Circle,Alaska,100,65.825890319,-144.060519655
Denali Park,Alaska,1826,63.733098164,-148.914099367
Yakutat,Alaska,109,59.5473071484,-139.727218264
Homer,Alaska,6560,59.6429343863,-151.548279665
Tanacross,Alaska,136,63.3857033479,-143.346403037
Wiseman,Alaska,14,67.4104706005,-150.107489056
Kailua-Kona,Hawaii,9870,19.6405556,-155.9955556
Butte,Montana,34190,46.0038960969,-112.533839357
Grand Forks,North Dakota,58566,47.9252775259,-97.032485801
Pocatello,Idaho,63998,42.871348286,-112.44472335
Tacoma,Washington,719868,47.2113159374,-122.515013063
Yuma,Arizona,92489,32.6852775259,-114.623608441
Prescott,Arizona,55038,34.5900191437,-112.447772259
Long Beach,California,2036134,33.7869673859,-118.158043866
Grand Junction,Colorado,104214,39.0938527619,-108.549999839
Ely,Nevada,4216,39.2470217072,-114.88767501
Carson City,Nevada,57341,39.1638484894,-119.766395306
Carlsbad,New Mexico,25302,32.4205650014,-104.228299807
Alamogordo,New Mexico,36058,32.8994763377,-105.95971867
Medford,Oregon,108525,42.3266270132,-122.87442265
Klamath Falls,Oregon,42978,42.2250053091,-121.780535931
St. George,Utah,98638,37.1041550894,-113.583336021
Provo,Utah,356712,40.2488985383,-111.637770021
Laramie,Wyoming,26934,41.3113659862,-105.590568076
Little Rock,Arkansas,270893,34.7360825796,-92.3310931821
Wichita,Kansas,401843,37.719983133,-97.3299870217
Jefferson City,Missouri,55139,38.5766233511,-92.1733250343
Rapid City,South Dakota,73632,44.0805509634,-103.23055709
Lafayette,Louisiana,158214,30.1999770294,-92.0199493833
Galveston,Texas,68612,29.3011430044,-94.7974801043
Freeport,Texas,74892,28.9594842723,-95.3568774839
Victoria,Texas,64209,28.8049975779,-97.0033402931
Odessa,Texas,106054,31.8455613393,-102.367224774
Wichita Falls,Texas,101212,33.9136263214,-98.4930684833
Waco,Texas,167347,31.5491711619,-97.1463806577
Lubbock,Texas,213300,33.5800032746,-101.879967694
Hartford,Connecticut,913000,41.770020161,-72.6799670834
Providence,Rhode Island,1277000,41.8211023143,-71.4149796973
Birmingham,Alabama,1128047,33.5300063263,-86.8249951596
Mobile,Alabama,253466,30.6800252472,-88.0499849871
Pensacola,Florida,234384,30.4211263214,-87.2169350604
St. Petersburg,Florida,800313,27.7705387563,-82.6793825701
Biloxi,Mississippi,50644,30.3958048696,-88.8853086769
Springfield,Illinois,134715,39.8200099885,-89.650016522
Frankfort,Kentucky,36688,38.2008064972,-84.8733571795
Greensboro,North Carolina,388887,36.0700063263,-79.8000234392
Dayton,Ohio,773000,39.7503759959,-84.1999874285
Virginia Beach,Virginia,1491000,36.8532143341,-75.9783187273
Madison,Wisconsin,327447,43.073015563,-89.4011169858
Green Bay,Wisconsin,198611,44.5299808951,-88.0000138771
Trenton,New Jersey,366513,40.2169625031,-74.7433553484
Lansing,Michigan,279952,42.7335272411,-84.5467362892
Gambell,Alaska,681,63.7797103059,-171.731078737
Palmer,Alaska,13111,61.5997141715,-149.112691897
Seward,Alaska,2900,60.1261607047,-149.469982749
Duluth,Minnesota,84800,46.7833317251,-92.1063782163
Bemidji,Minnesota,14796,47.4735738313,-94.8801882342
Havre,Montana,11154,48.5452396841,-109.677682945
Kalispell,Montana,32062,48.1977673534,-114.31597864
Idaho Falls,Idaho,79399,43.4666866242,-112.033301434
Lewiston,Idaho,49289,46.4166099234,-117.016588991
Yakima,Washington,99287,46.6022316682,-120.504696494
Wenatchee,Washington,62625,47.4236285595,-120.309023684
Douglas,Arizona,30185,31.3586401561,-109.548362673
Bakersfield,California,443129,35.3699715363,-119.019980918
Oakland,California,1510271,37.7689207144,-122.221103355
Lancaster,California,225799,34.6980487254,-118.135823
Chico,California,95888,39.7286202179,-121.836398155
Monterey,California,124288,36.6002581981,-121.893578127
Salinas,California,156784,36.6822170197,-121.641655519
Los Alamos,New Mexico,12233,35.8911025177,-106.297708376
Eugene,Oregon,245158,44.0500101919,-123.100016115
Coos Bay,Oregon,31976,43.3666152131,-124.216588788
Bend,Oregon,75441,44.0719209992,-121.309996177
Cody,Wyoming,9161,44.5232112824,-109.057100669
Cedar Rapids,Iowa,170621,41.9699821157,-91.6600230324
Springfield,Missouri,210939,37.180016092,-93.3199992287
Lincoln,Nebraska,246220,40.8199747915,-96.6800008563
Alexandria,Louisiana,76565,31.3110978384,-92.4450138771
Abilene,Texas,114247,32.4486253042,-99.7327860939
Brownsville,Texas,181399,25.9199798777,-97.5000024839
Tyler,Texas,112245,32.3510860382,-95.3007827166
Concord,New Hampshire,44606,43.2080719188,-71.5380471208
Huntsville,Alabama,212733,34.7199595327,-86.6099953631
Key West,Florida,29377,24.5552311391,-81.7827447934
West Palm Beach,Florida,1250000,26.7450199575,-80.1236212582
Sarasota,Florida,589959,27.3361208283,-82.530786989
Daytona Beach,Florida,216890,29.2105542186,-81.0230754005
Gainesville,Florida,191097,29.6513800242,-82.3250372739
Ft. Myers,Florida,188606,26.6402976674,-81.8604919858
Brunswick,Georgia,47085,31.1496865021,-81.4916514503
Augusta,Georgia,262332,33.4608115835,-81.9849805112
Vicksburg,Mississippi,25701,32.3524813019,-90.8777452003
Myrtle Beach,South Carolina,49357,33.6889113556,-78.8869783953
Charleston,South Carolina,411940,32.7923769318,-79.9921047381
Peoria,Illinois,172308,40.6999821157,-89.6700411395
Evansville,Indiana,174102,37.9746962677,-87.5558291033
Louisville,Kentucky,948000,38.2250169058,-85.7487042661
Lexington,Kentucky,264578,38.0500146678,-84.5000207944
Charlotte,North Carolina,995000,35.2049945262,-80.8300380877
Youngstown,Ohio,311990,41.0996993195,-80.6497390154
Canton,Ohio,258660,40.7988649689,-81.3786350929
Toledo,Ohio,469924,41.6700262645,-83.5799735939
Columbus,Ohio,1270000,39.9799743846,-82.9900096046
Chattanooga,Tennessee,257589,35.0699898468,-85.2500008562
Charlottesville,Virginia,87925,38.0291890656,-78.476925905
Lynchburg,Virginia,103893,37.4136194041,-79.1424666765
Wausau,Wisconsin,75422,44.9591536652,-89.6299919044
Albany,New York,870716,42.6700169058,-73.8199491798
Ithaca,New York,59930,42.4405735464,-76.4969434018
Harrisburg,Pennsylvania,528892,40.2735998729,-76.8847491879
Bangor,Maine,50213,44.8011529735,-68.7783447689
Portland,Maine,135866,43.6721615756,-70.2455273993
Saginaw,Michigan,121379,43.4194802033,-83.9508295102
Ketchikan,Alaska,9070,55.3562192984,-131.663989504
Unalaska,Alaska,3571,53.8685840038,-166.531602826
Togiak,Alaska,236,59.070361007,-160.378323433
Red Devil,Alaska,25,61.7609963167,-157.312527305
Hooper Bay,Alaska,1079,61.5310878694,-166.096564781
Wainwright,Alaska,174,70.6368886507,-160.038304079
Galena,Alaska,500,64.733295511,-156.926995282
Kaktovik,Alaska,101,70.0878555161,-143.602913174
Skagway,Alaska,955,59.458320332,-135.313895917
Cordova,Alaska,2257,60.5427761018,-145.757496177
Kenai,Alaska,7610,60.5543516227,-151.258013145
Fort Yukon,Alaska,833,66.5646824332,-145.273778933
Santa Cruz,California,148444,36.9719462856,-122.026390427
San Bernardino,California,1745000,34.120383727,-117.300034222
Bridgeport,Connecticut,1018000,41.1799786571,-73.1999611833
Rochester,New York,755000,43.1704256379,-77.6199497901
International Falls,Minnesota,15240,48.6011277457,-93.4108463966
St. Paul,Minnesota,734854,44.9439866324,-93.0849748146
Billings,Montana,104552,45.7883020214,-108.540000449
Great Falls,Montana,66558,47.5002905468,-111.299987022
Missoula,Montana,72856,46.8722410269,-113.993052614
Minot,North Dakota,39439,48.2324939159,-101.295817303
Fargo,North Dakota,162842,46.8772278026,-96.7894257017
Hilo,Hawaii,52391,19.6999977813,-155.090027305
Olympia,Washington,156984,47.0380448599,-122.899434043
Spokane,Washington,347705,47.6699959504,-117.419949383
Vancouver,Washington,525802,45.6303013296,-122.639992515
Flagstaff,Arizona,63993,35.1980957225,-111.650508262
Tucson,Arizona,823000,32.2049967641,-110.889986208
Santa Barbara,California,181632,34.4349898468,-119.71998987
Fresno,California,616353,36.7477168976,-119.772984051
Eureka,California,42398,40.802223937,-124.147497398
Colorado Springs,Colorado,493654,38.8629624624,-104.79198633
Reno,Nevada,328585,39.5299760122,-119.820009605
Elko,Nevada,19252,40.8325063264,-115.761988568
Albuquerque,New Mexico,898642,35.1049747915,-106.641330812
Salem,Oregon,229010,44.9280702912,-123.02389673
Casper,Wyoming,60791,42.8666198924,-106.312487835
Topeka,Kansas,132091,39.0500053091,-95.6699849871
Kansas City,Missouri,1469000,39.1070885098,-94.6040942189
Tulsa,Oklahoma,946962,36.1200032746,-95.9300207944
Sioux Falls,South Dakota,155724,43.5499890331,-96.7299978045
Shreveport,Louisiana,248053,32.5000175161,-93.7700234393
Baton Rouge,Louisiana,422072,30.4579457794,-91.1401581235
Ft. Worth,Texas,1440454,32.7399770294,-97.3400380877
Corpus Christi,Texas,277454,27.7428143504,-97.4018947772
Austin,Texas,1161000,30.2669496857,-97.7427783628
Amarillo,Texas,181766,35.2299800812,-101.829996584
El Paso,Texas,753000,31.7799839468,-106.50999516
Laredo,Texas,434768,27.5061362905,-99.507218467
Burlington,Vermont,93807,44.4757981558,-73.21246688
Montgomery,Alabama,198325,32.3616021922,-86.2791886818
Tallahassee,Florida,221222,30.4499876089,-84.2800342221
Orlando,Florida,1350000,28.509976826,-81.3800303566
Jacksonville,Florida,988000,30.3300207713,-81.6699868181
Savannah,Georgia,180187,32.0211061798,-81.1099951596
Columbia,South Carolina,398093,34.0399751984,-80.8999821388
Indianapolis,Indiana,1436000,39.7499884227,-86.1700480568
Wilmington,North Carolina,161560,34.2255194285,-77.9450203875
Knoxville,Tennessee,655400,35.9700124298,-83.9200303566
Richmond,Virginia,912000,37.5500193472,-77.4499860043
Charleston,West Virginia,123799,38.3497379751,-81.6327281105
Baltimore,Maryland,2255000,39.2999900503,-76.6199849871
Syracuse,New York,662577,43.0499937124,-76.1500136736
Augusta,Maine,24042,44.3105627635,-69.7799890561
Sault Ste. Marie,Michigan,83805,46.4952614533,-84.3452757179
Sitka,Alaska,8931,57.0603976917,-135.327549429
Helena,Montana,38725,46.5927490428,-112.035290977
Bismarck,North Dakota,63871,46.8083172802,-100.783316286
Boise,Idaho,338071,43.6085901073,-116.22748987
San Jose,California,1668000,37.2999829295,-121.849989056
Sacramento,California,1604000,38.5750213817,-121.470038088
Las Vegas,Nevada,1823000,36.2099977814,-115.220006146
Santa Fe,New Mexico,92681,35.6869289338,-105.937239422
Portland,Oregon,1875000,45.5200238231,-122.679990074
Salt Lake City,Utah,966000,40.7750162954,-111.930051922
Cheyenne,Wyoming,72927,41.1400069367,-104.819710736
Des Moines,Iowa,380655,41.5799800812,-93.6199809181
Omaha,Nebraska,877110,41.2400008332,-96.0099900734
Oklahoma City,Oklahoma,788000,35.4700429474,-97.5186835142
Pierre,South Dakota,13879,44.3683370148,-100.350552004
San Antonio,Texas,1473000,29.4873331899,-98.5073053404
Jackson,Mississippi,250902,32.298815327,-90.1849967873
Raleigh,North Carolina,1163515,35.8187813507,-78.6446934425
Cleveland,Ohio,1890000,41.4699867951,-81.6949982114
Cincinnati,Ohio,1636000,39.161884785,-84.4569226499
Nashville,Tennessee,877000,36.1699743846,-86.7799849871
Memphis,Tennessee,1081000,35.1199867951,-89.9999951597
Norfolk,Virginia,1047869,36.8499587189,-76.280005739
Milwaukee,Wisconsin,1388000,43.0526550487,-87.9199670835
Buffalo,New York,1016000,42.8799782502,-78.8800020769
Pittsburgh,Pennsylvania,1838000,40.4299985952,-79.999985394
Kodiak,Alaska,9461,57.7899983918,-152.406986941
Cold Bay,Alaska,200,55.2000014436,-162.715091595
Bethel,Alaska,6228,60.7933034456,-161.755796145
Point Hope,Alaska,461,68.347726053,-166.808020062
Utqiaġvik,Alaska,4336,71.290569681,-156.788579958
Nome,Alaska,3485,64.5061000764,-165.406374351
Valdez,Alaska,4036,61.1359957063,-146.348286989
Juneau,Alaska,30711,58.3141266064,-134.419996991
Fairbanks,Alaska,56993,64.8369842724,-147.710658612
Prudhoe Bay,Alaska,2500,70.2921810091,-148.669359784
Minneapolis,Minnesota,2616000,44.9799792674,-93.2517863381
Honolulu,Hawaii,786000,21.3068764435,-157.857997886
Seattle,Washington,3074000,47.5700020539,-122.339984987
Phoenix,Arizona,3551000,33.5399798778,-112.069991701
San Diego,California,2916000,32.8200238231,-117.17998987
St. Louis,Missouri,2199000,38.6350177196,-90.2399805112
New Orleans,Louisiana,785000,29.9950024607,-90.03996688
Dallas,Texas,4798000,32.8200238231,-96.8400169289
Boston,Massachusetts,4467000,42.3299601431,-71.0700136736
Tampa,Florida,2314000,27.9469879344,-82.4586208514
Philadelphia,Pennsylvania,5492000,39.9999731639,-75.1699959734
Detroit,Michigan,4101000,42.3299601431,-83.0800557879
Anchorage,Alaska,260283,61.2199699088,-149.900214886
San Francisco,California,3450000,37.7400077505,-122.459977663
Denver,Colorado,2313000,39.7391880484,-104.984015952
Houston,Texas,4459000,29.8199743846,-95.3399792905
Miami,Florida,5585000,25.7876106964,-80.2241060808
Atlanta,Georgia,4506000,33.830013854,-84.3999493833
Chicago,Illinois,8990000,41.8299906607,-87.7500549741
Los Angeles,California,12500000,33.9899782502,-118.179980511
"Washington, D.C.",District of Columbia,4338000,38.8995493765,-77.0094185808
New York,New York,19040000,40.749979064,-73.9800169288